"reactor.ID","IPL.num","User","Type.1","Type.2","sample.ID","group.num","rep.num","Date.Time","Data.File","IPL.ID","Name.full","flag.major","flag.analysis","primes","comments","version","d17O","d.17O","d17O.err","d18O","d.18O","d18O.err","CAP.17O","CAP17O.err","d33","d33.err","d34","d34.err","d35","d35.err","d36","d36.err","X33.mismatch.R2","X34.mismatch.R2","d.18O.prelim","test.d.18O.prelim","flag.d18O","flag","reactor.segment","d33.smow_ref","d34.smow_ref","d17O.slap","d18O.slap","dp17O.SMOWSLAP","dp18O.SMOWSLAP","D17O.SMOWSLAP","D17O.SMOWSLAP.per.meg","dp17O.SMOWSLAP.CO2norm","dp18O.SMOWSLAP.CO2norm","D17O.SMOWSLAP.per.meg.carbNorm","dp17O.SMOWSLAP.CO2norm.type","dp18O.SMOWSLAP.CO2norm.type","D17O.SMOWSLAP.per.meg.carbNorm.type"
21,1945,"JHU users","WaterStd","SLAP","SLAP",1,999,"2014-10-07 00:00:00","Data_999","JHU-17O-1945","Data_999 JHU-17O-1945 SLAP2-051613-1a-R21-999",0,0,2,"INTERNATIONAL STD, H2O",-9999,-9999,-9999,-9999,-9999,-9999,-9999,-9999,-9999,-45.5602857142857,0.0574645808636086,-85.1432571428571,0.0968270063109393,-9999,-9999,-9999,-9999,-9999,-9999,-9999,0,0,0,1,-27.9087330882865,-52.2793653157715,-29.2657118916467,-54.702569631892,-29.7024958133673,-56.2556598787203,0.000492602596988689,0.492602596988689,-29.7024958133673,-56.2556598787203,0.492602596988689,"no correction","no correction","no correction"
21,1946,"JHU users","WaterStd","SLAP","SLAP",1,999,"2014-10-08 00:00:00","Data_999","JHU-17O-1946","Data_999 JHU-17O-1946 SLAP2-051613-1a-R21-999",0,0,2,"INTERNATIONAL STD, H2O",-9999,-9999,-9999,-9999,-9999,-9999,-9999,-9999,-9999,-45.6285285714286,0.123628091342316,-85.2719857142857,0.217095817545753,-9999,-9999,-9999,-9999,-9999,-9999,-9999,0,0,0,1,-27.9782380391648,-52.4127181323396,-29.3385963132008,-54.8421034936721,-29.7775803743317,-56.4032791956647,0.00335104097920791,3.35104097920791,-29.7775803743317,-56.4032791956647,3.35104097920791,"no correction","no correction","no correction"
21,1947,"JHU users","Water","none","2014JR-W",1,999,"2014-10-08 00:00:00","Data_999","JHU-17O-1947","Data_999 JHU-17O-1947 2014JR-W-R21-999",0,0,2,"Western Lakes, H2O",-9999,-9999,-9999,-9999,-9999,-9999,-9999,-9999,-9999,-25.0312857142857,0.0244825538932229,-47.5314428571428,0.0290315349353753,-9999,-9999,-9999,-9999,-9999,-9999,-9999,0,0,0,1,-7.00006665316721,-13.316442667183,-7.34042399007705,-13.9336739811361,-7.36749747083402,-14.031658874266,0.0412184147784327,41.2184147784327,-7.36749747083402,-14.031658874266,41.2184147784327,"no correction","no correction","no correction"
21,1948,"JHU users","Water","none","2014GSL-JRW",1,999,"2014-10-08 00:00:00","Data_999","JHU-17O-1948","Data_999 JHU-17O-1948 2014GSL-JRW-R21-999",0,0,2,"Western Lakes, H2O",-9999,-9999,-9999,-9999,-9999,-9999,-9999,-9999,-9999,-20.0766,0.0343078137886476,-38.2200857142857,0.0297042147290717,-9999,-9999,-9999,-9999,-9999,-9999,-9999,0,0,0,1,-1.95374823089378,-3.6705988013549,-2.04874340419809,-3.84073496893202,-2.05084494980865,-3.84812953125792,-0.0190325573044747,-19.0325573044747,-2.05084494980865,-3.84812953125792,-19.0325573044747,"no correction","no correction","no correction"
21,1949,"JHU users","Carbonate","none","2014MonoL-001C",1,999,"2014-10-08 00:00:00","Data_999","JHU-17O-1949","Data_999 JHU-17O-1949 2014MonoL-001C-R21-999",0,0,2,"Western Lakes, CaCO3",-9999,-9999,-9999,-9999,-9999,-9999,-9999,-9999,-9999,1.10527142857143,0.0319374031907306,1.95058571428572,0.0200213602291261,-9999,-9999,-9999,-9999,-9999,-9999,-9999,0,0,0,1,19.6198639358744,37.9431013973024,20.5738212295134,39.7018045972665,20.3650389459509,38.9339456906405,-0.19208437870731,-192.08437870731,20.3606286422065,38.9339456906405,-196.494682451704,"secondary correction applied but only meaningful if D'17O correction was applied","no secondary correction","1-pt normalization applied to D17O for data.cor[[1]] using NBS-18 as CO2. Offset=-4.41 per meg"
21,1950,"JHU users","Carbonate","none","2014MonoL-001C",1,999,"2014-10-09 00:00:00","Data_999","JHU-17O-1950","Data_999 JHU-17O-1950 2014MonoL-001C-R21-999",0,0,2,"Western Lakes, CaCO3",-9999,-9999,-9999,-9999,-9999,-9999,-9999,-9999,-9999,1.69215714285714,0.0459415620343116,3.08618571428571,0.0504304063033125,-9999,-9999,-9999,-9999,-9999,-9999,-9999,0,0,0,1,20.217603603444,39.1194949268361,21.2006242034056,40.932725221018,20.9790176300162,40.1171623966197,-0.202844115399021,-202.844115399021,20.9746073262718,40.1171623966197,-207.254419143415,"secondary correction applied but only meaningful if D'17O correction was applied","no secondary correction","1-pt normalization applied to D17O for data.cor[[1]] using NBS-18 as CO2. Offset=-4.41 per meg"
21,1952,"JHU users","WaterStd","SMOW","SMOW",1,999,"2014-10-09 00:00:00","Data_999","JHU-17O-1952","Data_999 JHU-17O-1952 VSMOW-2-052013-2b-R21-999",0,0,2,"primary standard, H2O",-9999,-9999,-9999,-9999,-9999,-9999,-9999,-9999,-9999,-18.2491428571429,0.0458429220159972,-34.8490285714286,0.0823534220804722,-9999,-9999,-9999,-9999,-9999,-9999,-9999,0,0,0,1,-0.0924938188681113,-0.17844504074771,-0.0969910545989064,-0.186716158622198,-0.0969957585354256,-0.186733592254275,0.00159957817483165,1.59957817483165,-0.0969957585354256,-0.186733592254275,1.59957817483165,"no correction","no correction","no correction"
21,1953,"JHU users","WaterStd","SMOW","SMOW",1,999,"2014-10-09 00:00:00","Data_999","JHU-17O-1953","Data_999 JHU-17O-1953 VSMOW-2-052013-2b-R21-999",0,0,2,"primary standard, H2O",-9999,-9999,-9999,-9999,-9999,-9999,-9999,-9999,-9999,-18.3217,0.060053442382839,-34.9863571428572,0.0951374346405202,-9999,-9999,-9999,-9999,-9999,-9999,-9999,0,0,0,1,-0.166392844514029,-0.320706790350456,-0.174483199684294,-0.335571891980753,-0.174498423648668,-0.335628208827343,0.00271327061216897,2.71327061216897,-0.174498423648668,-0.335628208827343,2.71327061216897,"no correction","no correction","no correction"
21,1954,"JHU users","Carbonate","Shuning cc-w","JHU-40C-01",1,999,"2014-10-09 00:00:00","Data_999","JHU-17O-1954","Data_999 JHU-17O-1954 JHU-40C-01-R21-999",0,0,2,"calcite precip, CaCO3",-9999,-9999,-9999,-9999,-9999,-9999,-9999,-9999,-9999,-5.84658571428571,0.0677616224283339,-11.4098285714286,0.102100968984113,-9999,-9999,-9999,-9999,-9999,-9999,-9999,0,0,0,1,12.5394380941577,24.1027483525651,13.1491308253179,25.2199364340486,13.0634314354492,24.9071617038435,-0.0875499441802248,-87.5499441802248,13.0590211317048,24.9071617038435,-91.9602479246188,"secondary correction applied but only meaningful if D'17O correction was applied","no secondary correction","1-pt normalization applied to D17O for data.cor[[1]] using NBS-18 as CO2. Offset=-4.41 per meg"
21,1955,"JHU users","Carbonate","Shuning cc-w","JHU-40C-01",1,999,"2014-10-09 00:00:00","Data_999","JHU-17O-1955","Data_999 JHU-17O-1955 JHU-40C-01-R21-999",0,0,2,"calcite precip, CaCO3",-9999,-9999,-9999,-9999,-9999,-9999,-9999,-9999,-9999,-5.30081428571429,0.0852362943815817,-10.3958285714286,0.120351053104322,-9999,-9999,-9999,-9999,-9999,-9999,-9999,0,0,0,1,13.0953031021863,25.1531737126804,13.7320231093981,26.3190501294377,13.63859322924,25.9786634474095,-0.0781410709922437,-78.1410709922437,13.6341829254956,25.9786634474095,-82.5513747366377,"secondary correction applied but only meaningful if D'17O correction was applied","no secondary correction","1-pt normalization applied to D17O for data.cor[[1]] using NBS-18 as CO2. Offset=-4.41 per meg"
21,1956,"JHU users","Carbonate","Shuning cc-w","JHU-40C-01",1,999,"2014-10-10 00:00:00","Data_999","JHU-17O-1956","Data_999 JHU-17O-1956 JHU-40C-01-R21-999",0,0,2,"calcite precip, CaCO3",-9999,-9999,-9999,-9999,-9999,-9999,-9999,-9999,-9999,-5.22052857142857,0.0442088985168657,-10.2253285714286,0.0508740192879363,-9999,-9999,-9999,-9999,-9999,-9999,-9999,0,0,0,1,13.1770736326313,25.3297984897021,13.8177694876969,26.5038616531696,13.7231745092293,26.158719430973,-0.0886293503244211,-88.6293503244211,13.7187642054849,26.158719430973,-93.0396540688151,"secondary correction applied but only meaningful if D'17O correction was applied","no secondary correction","1-pt normalization applied to D17O for data.cor[[1]] using NBS-18 as CO2. Offset=-4.41 per meg"
21,1957,"JHU users","Carbonate","Shuning cc-w","JHU-60C-2-cc1",1,999,"2014-10-10 00:00:00","Data_999","JHU-17O-1957","Data_999 JHU-17O-1957 JHU-60C-2-cc1-R21-999",0,0,2,"calcite precip, CaCO3",-9999,-9999,-9999,-9999,-9999,-9999,-9999,-9999,-9999,-6.25157142857143,0.0409363491177343,-12.2260428571429,0.0689535520444343,-9999,-9999,-9999,-9999,-9999,-9999,-9999,0,0,0,1,12.1269625127369,23.2572136533511,12.7165998505147,24.3352103001225,12.6364228979869,24.0438268574616,-0.0587176827528175,-58.7176827528175,12.6320125942425,24.0438268574616,-63.1279864972115,"secondary correction applied but only meaningful if D'17O correction was applied","no secondary correction","1-pt normalization applied to D17O for data.cor[[1]] using NBS-18 as CO2. Offset=-4.41 per meg"
21,1958,"JHU users","Carbonate","Shuning cc-w","JHU-60C-2-cc1",1,999,"2014-10-10 00:00:00","Data_999","JHU-17O-1958","Data_999 JHU-17O-1958 JHU-60C-2-cc1-R21-999",0,0,2,"calcite precip, CaCO3",-9999,-9999,-9999,-9999,-9999,-9999,-9999,-9999,-9999,-6.11255714285715,0.0448742641825058,-11.9413285714286,0.0601752805496905,-9999,-9999,-9999,-9999,-9999,-9999,-9999,0,0,0,1,12.2685477497049,23.5521555725835,12.8650692468182,24.6438230917415,12.7830172307007,24.3450625352538,-0.0711757879133135,-71.1757879133135,12.7786069269563,24.3450625352538,-75.5860916577075,"secondary correction applied but only meaningful if D'17O correction was applied","no secondary correction","1-pt normalization applied to D17O for data.cor[[1]] using NBS-18 as CO2. Offset=-4.41 per meg"
21,1960,"JHU users","CarbonateStd","NBS-19","NBS-19",1,999,"2014-10-10 00:00:00","Data_999","JHU-17O-1960","Data_999 JHU-17O-1960 NBS-19-R21-999",0,0,2,"NBS-19, CaCO3",-9999,-9999,-9999,-9999,-9999,-9999,-9999,-9999,-9999,-0.708085714285714,0.056648354122997,-1.5933,0.0751196822854359,-9999,-9999,-9999,-9999,-9999,-9999,-9999,0,0,0,1,17.772970291384,34.2719106402642,18.6371278968857,35.8604502348742,18.4655847323056,35.2324342188699,-0.13714053525776,-137.14053525776,18.4611744285612,35.2324342188699,-141.550839002154,"secondary correction applied but only meaningful if D'17O correction was applied","no secondary correction","1-pt normalization applied to D17O for data.cor[[1]] using NBS-18 as CO2. Offset=-4.41 per meg"
21,1961,"JHU users","Carbonate","Shuning cc-w","JHU-30-01-01cc",1,999,"2014-10-10 00:00:00","Data_999","JHU-17O-1961","Data_999 JHU-17O-1961 JHU-30-01-01cc-R21-999",0,0,2,"cc precip, CaCO3",-9999,-9999,-9999,-9999,-9999,-9999,-9999,-9999,-9999,-4.02572857142857,0.0508692331570624,-7.94841428571429,0.0849479794536075,-9999,-9999,-9999,-9999,-9999,-9999,-9999,0,0,0,1,14.393970444784,27.6885051056031,15.0938342733561,28.9718968352762,14.981055780695,28.5601453373396,-0.0987009574203217,-98.7009574203217,14.9766454769506,28.5601453373396,-103.111261164716,"secondary correction applied but only meaningful if D'17O correction was applied","no secondary correction","1-pt normalization applied to D17O for data.cor[[1]] using NBS-18 as CO2. Offset=-4.41 per meg"
21,1962,"JHU users","Carbonate","Shuning cc-w","JHU-30-01-01cc",1,999,"2014-10-11 00:00:00","Data_999","JHU-17O-1962","Data_999 JHU-17O-1962 JHU-30-01-01cc-R21-999",0,0,2,"cc precip, CaCO3",-9999,-9999,-9999,-9999,-9999,-9999,-9999,-9999,-9999,-4.04212857142857,0.0429478691170787,-7.98682857142857,0.067623204024708,-9999,-9999,-9999,-9999,-9999,-9999,-9999,0,0,0,1,14.3772671407001,27.6487108847894,15.0763188209917,28.9302581099042,14.9638006236944,28.5196781797757,-0.0945894552271422,-94.5894552271422,14.95939031995,28.5196781797757,-98.9997589715363,"secondary correction applied but only meaningful if D'17O correction was applied","no secondary correction","1-pt normalization applied to D17O for data.cor[[1]] using NBS-18 as CO2. Offset=-4.41 per meg"
21,1964,"JHU users","WaterStd","SLAP","SLAP",2,999,"2014-10-11 00:00:00","Data_999","JHU-17O-1964","Data_999 JHU-17O-1964 SLAP2-051613-1a-R21-999",0,0,2,"H2O, H2O",-9999,-9999,-9999,-9999,-9999,-9999,-9999,-9999,-9999,-46.3493428571429,0.0622274662583635,-86.5273142857143,0.103282157901483,-9999,-9999,-9999,-9999,-9999,-9999,-9999,0,0,0,1,-28.7123831734465,-53.7131411764285,-30.1084370622802,-56.2028025322033,-30.57100451962,-57.8439691074852,-0.0293888308678412,-29.3888308678412,-30.57100451962,-57.8439691074852,-29.3888308678412,"no correction","no correction","no correction"
21,1965,"JHU users","WaterStd","SLAP","SLAP",2,999,"2014-10-11 00:00:00","Data_999","JHU-17O-1965","Data_999 JHU-17O-1965 SLAP2-051613-1a-R21-999",0,0,2,"H2O, H2O",-9999,-9999,-9999,-9999,-9999,-9999,-9999,-9999,-9999,-46.2162571428572,0.169604799435979,-86.2973,0.274903954242151,-9999,-9999,-9999,-9999,-9999,-9999,-9999,0,0,0,1,-28.5768361518048,-53.4748642149856,-29.9662994714914,-55.9534811795764,-30.4244652753307,-57.5798356393116,-0.022312057774112,-22.312057774112,-30.4244652753307,-57.5798356393116,-22.312057774112,"no correction","no correction","no correction"
21,1966,"JHU users","Carbonate","Shuning cc-w","JHU-15-01-cc",1,999,"2014-10-11 00:00:00","Data_999","JHU-17O-1966","Data_999 JHU-17O-1966 JHU-15-01-cc-R21-999",0,0,2,"calcite precip, CaCO3",-9999,-9999,-9999,-9999,-9999,-9999,-9999,-9999,-9999,-2.91378571428572,0.0484952986985255,-5.85808571428571,0.0633917525054663,-9999,-9999,-9999,-9999,-9999,-9999,-9999,0,0,0,1,15.5264777415307,29.8539233919961,16.2814063554327,31.2376845677423,16.1502855651468,30.7597163581037,-0.0908446719319507,-90.8446719319507,16.1458752614024,30.7597163581037,-95.2549756763447,"secondary correction applied but only meaningful if D'17O correction was applied","no secondary correction","1-pt normalization applied to D17O for data.cor[[1]] using NBS-18 as CO2. Offset=-4.41 per meg"
21,1967,"JHU users","Carbonate","Shuning cc-w","JHU-15-01-cc",1,999,"2014-10-11 00:00:00","Data_999","JHU-17O-1967","Data_999 JHU-17O-1967 JHU-15-01-cc-R21-999",0,0,2,"calcite precip, CaCO3",-9999,-9999,-9999,-9999,-9999,-9999,-9999,-9999,-9999,-2.46704285714286,0.0384083459055019,-4.9906,0.0459950848035631,-9999,-9999,-9999,-9999,-9999,-9999,-9999,0,0,0,1,15.9814827287328,30.7525713148991,16.758534601369,32.177985779898,16.6196597718056,31.6711190296616,-0.102691075855706,-102.691075855706,16.6152494680612,31.6711190296616,-107.1013796001,"secondary correction applied but only meaningful if D'17O correction was applied","no secondary correction","1-pt normalization applied to D17O for data.cor[[1]] using NBS-18 as CO2. Offset=-4.41 per meg"
21,1968,"JHU users","Carbonate","Shuning cc-w","JHU-15-01-cc",1,999,"2014-10-11 00:00:00","Data_999","JHU-17O-1968","Data_999 JHU-17O-1968 JHU-15-01-cc-R21-999",0,0,2,"calcite precip, CaCO3",-9999,-9999,-9999,-9999,-9999,-9999,-9999,-9999,-9999,-2.64955714285714,0.0909646588029904,-5.33495714285714,0.120272930648529,-9999,-9999,-9999,-9999,-9999,-9999,-9999,0,0,0,1,15.7955929961766,30.3958440212164,16.5636065356845,31.8047237958551,16.4279261922237,31.3094280267474,-0.103451805898928,-103.451805898928,16.4235158884793,31.3094280267474,-107.862109643322,"secondary correction applied but only meaningful if D'17O correction was applied","no secondary correction","1-pt normalization applied to D17O for data.cor[[1]] using NBS-18 as CO2. Offset=-4.41 per meg"
21,1969,"JHU users","Carbonate","Shuning cc-w","JHU-05-01-cc01",1,999,"2014-10-12 00:00:00","Data_999","JHU-17O-1969","Data_999 JHU-17O-1969 JHU-05-01-cc01-R21-999",0,0,2,"calcite precip, CaCO3",-9999,-9999,-9999,-9999,-9999,-9999,-9999,-9999,-9999,-1.78517142857143,0.0387421694485709,-3.68185714285714,0.0619448763164914,-9999,-9999,-9999,-9999,-9999,-9999,-9999,0,0,0,1,16.6759647907737,32.1083274164895,17.4867837797646,33.5965826221351,17.33564933602,33.0445477541006,-0.111871878145138,-111.871878145138,17.3312390322756,33.0445477541006,-116.282181889532,"secondary correction applied but only meaningful if D'17O correction was applied","no secondary correction","1-pt normalization applied to D17O for data.cor[[1]] using NBS-18 as CO2. Offset=-4.41 per meg"
21,1970,"JHU users","Carbonate","Shuning cc-w","JHU-05-01-cc01",1,999,"2014-10-12 00:00:00","Data_999","JHU-17O-1970","Data_999 JHU-17O-1970 JHU-05-01-cc01-R21-999",0,0,2,"calcite precip, CaCO3",-9999,-9999,-9999,-9999,-9999,-9999,-9999,-9999,-9999,-1.67868571428571,0.0613040752971158,-3.54001428571429,0.0637152844623737,-9999,-9999,-9999,-9999,-9999,-9999,-9999,0,0,0,1,16.7844198679865,32.2552656159907,17.6005121612306,33.7503315638304,17.4474169066901,33.1932880946053,-0.078639207261503,-78.639207261503,17.4430066029457,33.1932880946053,-83.049511005897,"secondary correction applied but only meaningful if D'17O correction was applied","no secondary correction","1-pt normalization applied to D17O for data.cor[[1]] using NBS-18 as CO2. Offset=-4.41 per meg"
21,1972,"JHU users","CarbonateStd","NBS-18","NBS-18",1,999,"2014-10-12 00:00:00","Data_999","JHU-17O-1972","Data_999 JHU-17O-1972 NBS-18-R21-999",0,0,2,"calcite precip, CaCO3",-9999,-9999,-9999,-9999,-9999,-9999,-9999,-9999,-9999,-10.8085428571429,0.0744612895664071,-20.7424571428571,0.108549819686802,-9999,-9999,-9999,-9999,-9999,-9999,-9999,0,0,0,1,7.48571376441154,14.4348689364242,7.84968424183144,15.1039405002832,7.81903575330932,14.991011684551,-0.0962184161336053,-96.2184161336053,7.81462544956492,14.991011684551,-100.628719877999,"secondary correction applied but only meaningful if D'17O correction was applied","no secondary correction","1-pt normalization applied to D17O for data.cor[[1]] using NBS-18 as CO2. Offset=-4.41 per meg"
21,1973,"JHU users","CarbonateStd","NBS-18","NBS-18",1,999,"2014-10-12 00:00:00","Data_999","JHU-17O-1973","Data_999 JHU-17O-1973 NBS-18-R21-999",0,0,2,"calcite precip, CaCO3",-9999,-9999,-9999,-9999,-9999,-9999,-9999,-9999,-9999,-10.9885857142857,0.0945956295306183,-21.0830571428571,0.139718130919578,-9999,-9999,-9999,-9999,-9999,-9999,-9999,0,0,0,1,7.30234116740114,14.0820337513596,7.6573956998918,14.734751028242,7.62822665674329,14.6272493051532,-0.0949609763776067,-94.9609763776067,7.6238163529989,14.6272493051532,-99.3712801220007,"secondary correction applied but only meaningful if D'17O correction was applied","no secondary correction","1-pt normalization applied to D17O for data.cor[[1]] using NBS-18 as CO2. Offset=-4.41 per meg"
21,1975,"JHU users","WaterStd","SMOW","SMOW",2,999,"2014-10-13 00:00:00","Data_999","JHU-17O-1975","Data_999 JHU-17O-1975 VSMOW-2-052013-2b-R21-999",0,0,2,"International std, H2O",-9999,-9999,-9999,-9999,-9999,-9999,-9999,-9999,-9999,-18.1820285714286,0.0654834798125787,-34.7366285714286,0.117636158720477,-9999,-9999,-9999,-9999,-9999,-9999,-9999,0,0,0,1,-0.0241383113893656,-0.0620073578315727,-0.0253119646971191,-0.0648814649715721,-0.0253122850503121,-0.064883569864817,0.00894623983831128,8.94623983831128,-0.0253122850503121,-0.064883569864817,8.94623983831128,"no correction","no correction","no correction"
21,1976,"JHU users","WaterStd","SMOW","SMOW",2,999,"2014-10-13 00:00:00","Data_999","JHU-17O-1976","Data_999 JHU-17O-1976 VSMOW-2-052013-2b-R21-999",0,0,2,"International std, H2O",-9999,-9999,-9999,-9999,-9999,-9999,-9999,-9999,-9999,-18.3318,0.0858283761056188,-34.9832,0.110036831778391,-9999,-9999,-9999,-9999,-9999,-9999,-9999,0,0,0,1,-0.176679635443655,-0.317436235199753,-0.185270155103721,-0.332149743112157,-0.185287319739005,-0.332204917055735,-0.00988312353357665,-9.88312353357665,-0.185287319739005,-0.332204917055735,-9.88312353357665,"no correction","no correction","no correction"
21,1977,"JHU users","Water","none","Weifu-MilliQ-081114",1,999,"2014-10-13 00:00:00","Data_999","JHU-17O-1977","Data_999 JHU-17O-1977 Weifu-MilliQ-081114-R21-999",0,0,2,"Weifu samples, H2O",-9999,-9999,-9999,-9999,-9999,-9999,-9999,-9999,-9999,-20.5195857142857,0.0784940675053879,-39.1277714285714,0.113074961852435,-9999,-9999,-9999,-9999,-9999,-9999,-9999,0,0,0,1,-2.40492659006974,-4.61089080658195,-2.52185896374785,-4.82461051102333,-2.52504420634641,-4.83628651423132,0.0285150731677226,28.5150731677226,-2.52504420634641,-4.83628651423132,28.5150731677226,"no correction","no correction","no correction"
21,1978,"JHU users","Water","none","Weifu-MilliQ-081114",1,999,"2014-10-13 00:00:00","Data_999","JHU-17O-1978","Data_999 JHU-17O-1978 Weifu-MilliQ-081114-R21-999",0,0,2,"Weifu samples, H2O",-9999,-9999,-9999,-9999,-9999,-9999,-9999,-9999,-9999,-20.7615571428571,0.0459134774549726,-39.5507714285714,0.0666137844090244,-9999,-9999,-9999,-9999,-9999,-9999,-9999,0,0,0,1,-2.65137307488772,-5.04908600118636,-2.78028817293395,-5.28311652004669,-2.78416035294579,-5.29712152863497,0.0127198141734723,12.7198141734723,-2.78416035294579,-5.29712152863497,12.7198141734723,"no correction","no correction","no correction"
21,1979,"JHU users","Carbonate","none","Weifu-tankCO2-100314",1,999,"2014-10-14 00:00:00","Data_999","JHU-17O-1979","Data_999 JHU-17O-1979 Weifu-tankCO2-100314-R21-999",0,0,2,"Weifu samples, CO2",-9999,-9999,-9999,-9999,-9999,-9999,-9999,-9999,-9999,-5.70494285714285,0.0579237093741454,-11.1035714285714,0.0738781941958502,-9999,-9999,-9999,-9999,-9999,-9999,-9999,0,0,0,1,12.6837005157525,24.4200070010598,13.300407576356,25.5519003591226,13.2127336987944,25.2309070586584,-0.109185228177296,-109.185228177296,13.20832339505,25.2309070586584,-113.59553192169,"secondary correction applied but only meaningful if D'17O correction was applied","no secondary correction","1-pt normalization applied to D17O for data.cor[[1]] using NBS-18 as CO2. Offset=-4.41 per meg"
21,1980,"JHU users","Carbonate","none","Weifu-tankCO2-100314",1,999,"2014-10-14 00:00:00","Data_999","JHU-17O-1980","Data_999 JHU-17O-1980 Weifu-tankCO2-100314-R21-999",0,0,2,"Weifu samples, CO2",-9999,-9999,-9999,-9999,-9999,-9999,-9999,-9999,-9999,-4.89395714285714,0.0509598977640675,-9.56558571428572,0.0644140800291686,-9999,-9999,-9999,-9999,-9999,-9999,-9999,0,0,0,1,13.5096847226621,26.0132409239209,14.1665527987134,27.2189823728155,14.0671449340718,26.8551335071258,-0.112365557690644,-112.365557690644,14.0627346303274,26.8551335071258,-116.775861435038,"secondary correction applied but only meaningful if D'17O correction was applied","no secondary correction","1-pt normalization applied to D17O for data.cor[[1]] using NBS-18 as CO2. Offset=-4.41 per meg"
21,1981,"JHU users","Carbonate","none","Weifu-tankCO2-100314",1,999,"2014-10-14 00:00:00","Data_999","JHU-17O-1981","Data_999 JHU-17O-1981 Weifu-tankCO2-100314-R21-999",0,0,2,"Weifu samples, CO2",-9999,-9999,-9999,-9999,-9999,-9999,-9999,-9999,-9999,-4.56817142857143,0.0801753461380378,-8.95855714285714,0.105540381132842,-9999,-9999,-9999,-9999,-9999,-9999,-9999,0,0,0,1,13.8414955672879,26.6420754463501,14.5144969547818,27.8769640457442,14.4101699349928,27.495475089774,-0.107440912407835,-107.440912407835,14.4057596312484,27.495475089774,-111.851216152229,"secondary correction applied but only meaningful if D'17O correction was applied","no secondary correction","1-pt normalization applied to D17O for data.cor[[1]] using NBS-18 as CO2. Offset=-4.41 per meg"
21,1982,"JHU users","Carbonate","none","BaCO3-0805c-5min",1,999,"2014-10-15 00:00:00","Data_999","JHU-17O-1982","Data_999 JHU-17O-1982 BaCO3-0805c-5min-R21-999",0,0,2,"Weifu samples, CaCO3",-9999,-9999,-9999,-9999,-9999,-9999,-9999,-9999,-9999,-12.1696571428571,0.0349997456364611,-23.1834428571429,0.0607867824387396,-9999,-9999,-9999,-9999,-9999,-9999,-9999,0,0,0,1,6.09942682495657,11.9061970449394,6.39599323977482,12.4580619708737,6.37562567608072,12.3810988650335,-0.161594524656954,-161.594524656954,6.37121537233633,12.3810988650335,-166.004828401348,"secondary correction applied but only meaningful if D'17O correction was applied","no secondary correction","1-pt normalization applied to D17O for data.cor[[1]] using NBS-18 as CO2. Offset=-4.41 per meg"
21,1983,"JHU users","Carbonate","none","BaCO3-0805c-5min",1,999,"2014-10-15 00:00:00","Data_999","JHU-17O-1983","Data_999 JHU-17O-1983 BaCO3-0805c-5min-R21-999",0,0,2,"Weifu samples, CaCO3",-9999,-9999,-9999,-9999,-9999,-9999,-9999,-9999,-9999,-12.0854142857143,0.0612683555121529,-22.9979857142857,0.0926820172131562,-9999,-9999,-9999,-9999,-9999,-9999,-9999,0,0,0,1,6.18522768225782,12.0983162619728,6.48596590753769,12.6590861184301,6.46502254052559,12.5796297484507,-0.177021966656394,-177.021966656394,6.46061223678119,12.5796297484507,-181.432270400788,"secondary correction applied but only meaningful if D'17O correction was applied","no secondary correction","1-pt normalization applied to D17O for data.cor[[1]] using NBS-18 as CO2. Offset=-4.41 per meg"
21,1985,"JHU users","WaterStd","SLAP","SLAP",3,999,"2014-10-15 00:00:00","Data_999","JHU-17O-1985","Data_999 JHU-17O-1985 SLAP2-051613-1a-R21-999",0,0,2,"International Std, H2O",-9999,-9999,-9999,-9999,-9999,-9999,-9999,-9999,-9999,-45.9941142857143,0.0317104393989379,-85.9258428571429,0.0514507322279369,-9999,-9999,-9999,-9999,-9999,-9999,-9999,0,0,0,1,-28.3505849510185,-53.0900634230199,-29.7290474817144,-55.5508444606765,-30.1799139976878,-57.1534256342825,-0.0029052627866335,-2.9052627866335,-30.1799139976878,-57.1534256342825,-2.9052627866335,"no correction","no correction","no correction"
21,1986,"JHU users","WaterStd","SLAP","SLAP",3,999,"2014-10-16 00:00:00","Data_999","JHU-17O-1986","Data_999 JHU-17O-1986 SLAP2-051613-1a-R21-999",0,0,2,"International Std, H2O",-9999,-9999,-9999,-9999,-9999,-9999,-9999,-9999,-9999,-46.1053428571429,0.120227427688236,-86.1079142857143,0.180930504943328,-9999,-9999,-9999,-9999,-9999,-9999,-9999,0,0,0,1,-28.4638706004926,-53.2786753026292,-29.8478413075925,-55.7481987019801,-30.3023551553303,-57.3624097419121,-0.0150028116007768,-15.0028116007768,-30.3023551553303,-57.3624097419121,-15.0028116007768,"no correction","no correction","no correction"
21,1987,"JHU users","Water","none","BaCO3-0805b-30min",1,999,"2014-10-16 00:00:00","Data_999","JHU-17O-1987","Data_999 JHU-17O-1987 BaCO3-0805b-30min-R21-999",0,0,2,"Weifu sample, CaCO3",-9999,-9999,-9999,-9999,-9999,-9999,-9999,-9999,-9999,-11.0664857142857,0.0607224006268543,-21.1175571428571,0.0760554023301598,-9999,-9999,-9999,-9999,-9999,-9999,-9999,0,0,0,1,7.22300047300339,14.046294426977,7.57419730116183,14.6973551480735,7.5456570909761,14.5903957636535,-0.158071872232933,-158.071872232933,7.5456570909761,14.5903957636535,-158.071872232933,"no correction","no correction","no correction"
21,1988,"JHU users","Water","none","BaCO3-0805b-30min",1,999,"2014-10-16 00:00:00","Data_999","JHU-17O-1988","Data_999 JHU-17O-1988 BaCO3-0805b-30min-R21-999",0,0,2,"Weifu sample, CaCO3",-9999,-9999,-9999,-9999,-9999,-9999,-9999,-9999,-9999,-10.1574142857143,0.0309616372526786,-19.4322285714286,0.0235385415852084,-9999,-9999,-9999,-9999,-9999,-9999,-9999,0,0,0,1,8.14888440625361,15.7921641227914,8.54509957572542,16.5241477655172,8.50879687255696,16.3891095990011,-0.144652995715624,-144.652995715624,8.50879687255696,16.3891095990011,-144.652995715624,"no correction","no correction","no correction"
21,1989,"JHU users","Water","none","BaCO3-0805b-30min",1,999,"2014-10-16 00:00:00","Data_999","JHU-17O-1989","Data_999 JHU-17O-1989 BaCO3-0805b-30min-R21-999",0,0,2,"Weifu sample, CaCO3",-9999,-9999,-9999,-9999,-9999,-9999,-9999,-9999,-9999,-10.387,0.0385163244141598,-19.8567285714286,0.0470019800472743,-9999,-9999,-9999,-9999,-9999,-9999,-9999,0,0,0,1,7.91505269899706,15.3524150445181,8.29989849998851,16.0640158486604,8.26564375253134,15.9363548964463,-0.148751632792324,-148.751632792324,8.26564375253134,15.9363548964463,-148.751632792324,"no correction","no correction","no correction"
21,1990,"JHU users","Water","none","BaCO3-0813-4h",1,999,"2014-10-17 00:00:00","Data_999","JHU-17O-1990","Data_999 JHU-17O-1990 BaCO3-0813-4h-R21-999",0,0,2,"Weifu sample, CaCO3",-9999,-9999,-9999,-9999,-9999,-9999,-9999,-9999,-9999,-4.7362,0.0423175024604803,-9.28344285714286,0.0458970605336711,-9999,-9999,-9999,-9999,-9999,-9999,-9999,0,0,0,1,13.6703594500116,26.3055190425778,14.3350398548619,27.5248078938626,14.2332646523369,27.1528110324252,-0.103419572783631,-103.419572783631,14.2332646523369,27.1528110324252,-103.419572783631,"no correction","no correction","no correction"
21,1991,"JHU users","Water","none","BaCO3-0813-4h",1,999,"2014-10-17 00:00:00","Data_999","JHU-17O-1991","Data_999 JHU-17O-1991 BaCO3-0813-4h-R21-999",0,0,2,"Weifu sample, CaCO3",-9999,-9999,-9999,-9999,-9999,-9999,-9999,-9999,-9999,-4.50898571428571,0.0291962340519412,-8.84091428571429,0.0255273328120448,-9999,-9999,-9999,-9999,-9999,-9999,-9999,0,0,0,1,13.9017758711375,26.763944322661,14.5777082083927,28.0044816743935,14.4724748942949,27.6195266289114,-0.110635165770304,-110.635165770304,14.4724748942949,27.6195266289114,-110.635165770304,"no correction","no correction","no correction"
21,1992,"JHU users","Water","none","BaCO3-0813-4h",1,999,"2014-10-17 00:00:00","Data_999","JHU-17O-1992","Data_999 JHU-17O-1992 BaCO3-0813-4h-R21-999",0,0,2,"Weifu sample, CaCO3",-9999,-9999,-9999,-9999,-9999,-9999,-9999,-9999,-9999,-4.46261428571429,0.037752547800439,-8.74142857142857,0.0251099445791938,-9999,-9999,-9999,-9999,-9999,-9999,-9999,0,0,0,1,13.9490048999318,26.8670038071333,14.6272336076734,28.1123180758402,14.5212875088022,27.7244198933006,-0.117206194860586,-117.206194860586,14.5212875088022,27.7244198933006,-117.206194860586,"no correction","no correction","no correction"
21,1994,"JHU users","CarbonateStd","NBS-19","NBS-19",2,999,"2014-10-18 00:00:00","Data_999","JHU-17O-1994","Data_999 JHU-17O-1994 NBS-19-R21-999",0,0,2,"NBS-19, CaCO3",-9999,-9999,-9999,-9999,-9999,-9999,-9999,-9999,-9999,-0.762128571428572,0.0365449579894549,-1.7301,0.0331133976125869,-9999,-9999,-9999,-9999,-9999,-9999,-9999,0,0,0,1,17.7179279574564,34.1301964496687,18.5794092938422,35.7121674404667,18.408920551542,35.0892745792843,-0.118216426320085,-118.216426320085,18.4045102477976,35.0892745792843,-122.626730064479,"secondary correction applied but only meaningful if D'17O correction was applied","no secondary correction","1-pt normalization applied to D17O for data.cor[[1]] using NBS-18 as CO2. Offset=-4.41 per meg"
21,1995,"JHU users","CarbonateStd","NBS-19","NBS-19",2,999,"2014-10-18 00:00:00","Data_999","JHU-17O-1995","Data_999 JHU-17O-1995 NBS-19-R21-999",0,0,2,"NBS-19, CaCO3",-9999,-9999,-9999,-9999,-9999,-9999,-9999,-9999,-9999,-0.920014285714286,0.119623745020253,-2.01555714285714,0.199973450101104,-9999,-9999,-9999,-9999,-9999,-9999,-9999,0,0,0,1,17.5571222808588,33.8344849880483,18.4107849214295,35.4027494373495,18.2433582692327,34.7904809170904,-0.126015654991058,-126.015654991058,18.2389479654883,34.7904809170904,-130.425958735452,"secondary correction applied but only meaningful if D'17O correction was applied","no secondary correction","1-pt normalization applied to D17O for data.cor[[1]] using NBS-18 as CO2. Offset=-4.41 per meg"
21,1997,"JHU users","WaterStd","SMOW","SMOW",3,999,"2014-10-18 00:00:00","Data_999","JHU-17O-1997","Data_999 JHU-17O-1997 VSMOW-2-052013-2b-R21-999",0,0,2,"VSMOW, H2O",-9999,-9999,-9999,-9999,-9999,-9999,-9999,-9999,-9999,-18.0188857142857,0.0372448003791068,-34.4366428571429,0.0175911998044197,-9999,-9999,-9999,-9999,-9999,-9999,-9999,0,0,0,1,0.14202173446165,0.248754577038213,0.148927117184372,0.260284616875018,0.148916028642187,0.260250748710996,0.0115036333227815,11.5036333227815,0.148916028642187,0.260250748710996,11.5036333227815,"no correction","no correction","no correction"
21,1998,"JHU users","WaterStd","SMOW","SMOW",3,999,"2014-10-18 00:00:00","Data_999","JHU-17O-1998","Data_999 JHU-17O-1998 VSMOW-2-052013-2b-R21-999",0,0,2,"VSMOW, H2O",-9999,-9999,-9999,-9999,-9999,-9999,-9999,-9999,-9999,-18.0516714285714,0.034624997851126,-34.4867285714286,0.0181913512087249,-9999,-9999,-9999,-9999,-9999,-9999,-9999,0,0,0,1,0.108629676210503,0.196869661392096,0.113911469818519,0.205994780075482,0.113904982399718,0.205973566063994,0.00515093951792897,5.15093951792897,0.113904982399718,0.205973566063994,5.15093951792897,"no correction","no correction","no correction"
21,1999,"JHU users","Water","none","JIM-W-130422",1,999,"2014-10-19 00:00:00","Data_999","JHU-17O-1999","Data_999 JHU-17O-1999 JIM-W-130422-R21-999",0,0,2,"Weekly Ethiopian ppt, H2O",-9999,-9999,-9999,-9999,-9999,-9999,-9999,-9999,-9999,-16.9495285714286,0.0554532631071783,-32.4396857142857,0.0749540038390976,-9999,-9999,-9999,-9999,-9999,-9999,-9999,0,0,0,1,1.23115573027288,2.31744730477113,1.29101700109198,2.42486345792035,1.29018435520642,2.42192822060102,0.0114062547290763,11.4062547290763,1.29018435520642,2.42192822060102,11.4062547290763,"no correction","no correction","no correction"
21,2000,"JHU users","Water","none","JIM-W-130422",1,999,"2014-10-20 00:00:00","Data_999","JHU-17O-2000","Data_999 JHU-17O-2000 JIM-W-130422-R21-999",0,0,2,"Weekly Ethiopian ppt, H2O",-9999,-9999,-9999,-9999,-9999,-9999,-9999,-9999,-9999,-17.4963714285714,0.0684863620039661,-33.4694571428572,0.121521953132624,-9999,-9999,-9999,-9999,-9999,-9999,-9999,0,0,0,1,0.674199478510662,1.25068396779482,0.706980414810471,1.30865450302526,0.706730621882618,1.30779896104562,0.0162127704505307,16.2127704505307,0.706730621882618,1.30779896104562,16.2127704505307,"no correction","no correction","no correction"
21,2001,"JHU users","Water","none","JIM-W-130318",1,999,"2014-10-20 00:00:00","Data_999","JHU-17O-2001","Data_999 JHU-17O-2001 JIM-W-130318-R21-999",0,0,2,"Weekly Ethiopian ppt, H2O",-9999,-9999,-9999,-9999,-9999,-9999,-9999,-9999,-9999,-18.1000857142857,0.0269291840273885,-34.5962142857143,0.0188548174424135,-9999,-9999,-9999,-9999,-9999,-9999,-9999,0,0,0,1,0.0593200093639279,0.0834509524609839,0.0622042676735881,0.0873189930725407,0.0622023330684395,0.0873151809912057,0.0160999175050828,16.0999175050828,0.0622023330684395,0.0873151809912057,16.0999175050828,"no correction","no correction","no correction"
21,2002,"JHU users","Water","none","JIJ-W-130520",1,999,"2014-10-20 00:00:00","Data_999","JHU-17O-2002","Data_999 JHU-17O-2002 JIJ-W-130520-R21-999",0,0,2,"Weekly Ethiopian ppt, H2O",-9999,-9999,-9999,-9999,-9999,-9999,-9999,-9999,-9999,-18.1100285714286,0.0286325908502736,-34.6134714285714,0.0132519852803888,-9999,-9999,-9999,-9999,-9999,-9999,-9999,0,0,0,1,0.0491932675150686,0.0655738908237335,0.0515851432435299,0.0686133105701119,0.0515838127756908,0.0686109567845379,0.0153572275934548,15.3572275934548,0.0515838127756908,0.0686109567845379,15.3572275934548,"no correction","no correction","no correction"
21,2003,"JHU users","Water","none","DM-W-130624",1,999,"2014-10-20 00:00:00","Data_999","JHU-17O-2003","Data_999 JHU-17O-2003 DM-W-130624-R21-999",0,0,2,"Weekly Ethiopian ppt, H2O",-9999,-9999,-9999,-9999,-9999,-9999,-9999,-9999,-9999,-18.6423285714286,0.0248256070629816,-35.6294857142857,0.0123813123056459,-9999,-9999,-9999,-9999,-9999,-9999,-9999,0,0,0,1,-0.492951169301814,-0.986938113075597,-0.516919447823025,-1.03268374676689,-0.517053096739964,-1.03321733200882,0.0284856545606955,28.4856545606955,-0.517053096739964,-1.03321733200882,28.4856545606955,"no correction","no correction","no correction"
21,2004,"JHU users","Water","none","JIM-W-130812",1,999,"2014-10-20 00:00:00","Data_999","JHU-17O-2004","Data_999 JHU-17O-2004 JIM-W-130812-R21-999",0,0,2,"Weekly Ethiopian ppt, H2O",-9999,-9999,-9999,-9999,-9999,-9999,-9999,-9999,-9999,-20.9969571428571,0.0187016512595647,-40.0289857142857,0.0104666383141073,-9999,-9999,-9999,-9999,-9999,-9999,-9999,0,0,0,1,-2.89112659813906,-5.54447891369503,-3.03169899528425,-5.80147142217622,-3.03630390417016,-5.81836532887231,0.0357929894744191,35.7929894744191,-3.03630390417016,-5.81836532887231,35.7929894744191,"no correction","no correction","no correction"
21,2005,"JHU users","Water","none","JIJ-W-130408",1,999,"2014-10-21 00:00:00","Data_999","JHU-17O-2005","Data_999 JHU-17O-2005 JIJ-W-130408-R21-999",0,0,2,"Weekly Ethiopian ppt, H2O",-9999,-9999,-9999,-9999,-9999,-9999,-9999,-9999,-9999,-20.1603857142857,0.0506443389563234,-38.4796428571429,0.0775105482703339,-9999,-9999,-9999,-9999,-9999,-9999,-9999,0,0,0,1,-2.03908349086879,-3.93947987162735,-2.13822783635511,-4.12207896345904,-2.14051710940222,-4.13059815018276,0.0404387138942846,40.4387138942845,-2.14051710940222,-4.13059815018276,40.4387138942845,"no correction","no correction","no correction"
21,2006,"JHU users","Water","none","DM-W-130812",1,999,"2014-10-21 00:00:00","Data_999","JHU-17O-2006","Data_999 JHU-17O-2006 DM-W-130812-R21-999",0,0,2,"Weekly Ethiopian ppt, H2O",-9999,-9999,-9999,-9999,-9999,-9999,-9999,-9999,-9999,-22.0178428571429,0.0323798271939451,-41.9372142857143,0.0141543180866091,-9999,-9999,-9999,-9999,-9999,-9999,-9999,0,0,0,1,-3.93089272743818,-7.52125572269458,-4.12202064759645,-7.86987394366562,-4.13053959294433,-7.90100483999806,0.0411909625746452,41.1909625746452,-4.13053959294433,-7.90100483999806,41.1909625746452,"no correction","no correction","no correction"
21,2007,"JHU users","Water","none","USGS-45-140815-1",1,999,"2014-10-21 00:00:00","Data_999","JHU-17O-2007","Data_999 JHU-17O-2007 USGS-45-140815-1-R21-999",0,0,2,"USGS Reference, H2O",-9999,-9999,-9999,-9999,-9999,-9999,-9999,-9999,-9999,-19.2755,0.0400589239908457,-36.8017428571429,0.0267601725012783,-9999,-9999,-9999,-9999,-9999,-9999,-9999,0,0,0,1,-1.13783256616706,-2.20130559969656,-1.19315627681983,-2.30333846099978,-1.19386865447857,-2.30599522543529,0.0236968245512656,23.6968245512656,-1.19386865447857,-2.30599522543529,23.6968245512656,"no correction","no correction","no correction"
21,2008,"JHU users","Water","none","DM-W-130624",2,999,"2014-10-21 00:00:00","Data_999","JHU-17O-2008","Data_999 JHU-17O-2008 DM-W-130624-R21-999",0,0,2,"Ethiopia ppt, H2O",-9999,-9999,-9999,-9999,-9999,-9999,-9999,-9999,-9999,-18.6818714285714,0.0251522445067375,-35.7165714285714,0.0140913905553945,-9999,-9999,-9999,-9999,-9999,-9999,-9999,0,0,0,1,-0.53322533803335,-1.07715215921911,-0.559151827739525,-1.12707931012411,-0.559308211420342,-1.12771494165943,0.036125277775838,36.125277775838,-0.559308211420342,-1.12771494165943,36.125277775838,"no correction","no correction","no correction"
21,2009,"JHU users","Water","none","1-19-ID15-13JUN06",1,999,"2014-10-21 00:00:00","Data_999","JHU-17O-2009","Data_999 JHU-17O-2009 1-19-ID15-13JUN06-R21-999",0,0,2,"USNIP samples, H2O",-9999,-9999,-9999,-9999,-9999,-9999,-9999,-9999,-9999,-16.5845571428571,0.0231451849403139,-31.6697142857143,0.0111252980512335,-9999,-9999,-9999,-9999,-9999,-9999,-9999,0,0,0,1,1.60287699571926,3.1150779903093,1.68081210301002,3.25946517606751,1.67940111919179,3.25416463428171,-0.0387978077089497,-38.7978077089497,1.67940111919179,3.25416463428171,-38.7978077089497,"no correction","no correction","no correction"
21,2010,"JHU users","Water","none","NQ8815",1,999,"2014-10-21 00:00:00","Data_999","JHU-17O-2010","Data_999 JHU-17O-2010 NQ8815-R21-999",0,0,2,"USNIP samples, H2O",-9999,-9999,-9999,-9999,-9999,-9999,-9999,-9999,-9999,-21.6132285714286,0.025155845506502,-41.1564714285714,0.0105894689669531,-9999,-9999,-9999,-9999,-9999,-9999,-9999,0,0,0,1,-3.51879544384492,-6.71246667252501,-3.6898863642229,-7.02359665879075,-3.69671078765012,-7.04837821909825,0.0248329120337538,24.8329120337538,-3.69671078765012,-7.04837821909825,24.8329120337538,"no correction","no correction","no correction"
21,2011,"JHU users","Water","none","NQ8815",1,999,"2014-10-22 00:00:00","Data_999","JHU-17O-2011","Data_999 JHU-17O-2011 NQ8815-R21-999",0,0,2,"USNIP samples, H2O",-9999,-9999,-9999,-9999,-9999,-9999,-9999,-9999,-9999,-21.8045714285714,0.0414430188273468,-41.5274428571429,0.0700456653769185,-9999,-9999,-9999,-9999,-9999,-9999,-9999,0,0,0,1,-3.71367702476666,-7.09676430216,-3.89424348004762,-7.42570689324949,-3.9018457894361,-7.4534147066334,0.0335571756663398,33.5571756663398,-3.9018457894361,-7.4534147066334,33.5571756663398,"no correction","no correction","no correction"
21,2012,"JHU users","Water","none","1-40-OR10-24JAN06",1,999,"2014-10-22 00:00:00","Data_999","JHU-17O-2012","Data_999 JHU-17O-2012 1-40-OR10-24JAN06-R21-999",0,0,2,"USNIP samples, H2O",-9999,-9999,-9999,-9999,-9999,-9999,-9999,-9999,-9999,-24.0813285714286,0.0238999857064849,-45.7939428571429,0.0160460259329267,-9999,-9999,-9999,-9999,-9999,-9999,-9999,0,0,0,1,-6.03254085903904,-11.5165274174782,-6.32585514350422,-12.0503307407625,-6.34594814692605,-12.1235245771655,0.0552728298173513,55.2728298173513,-6.34594814692605,-12.1235245771655,55.2728298173513,"no correction","no correction","no correction"
21,2013,"JHU users","Water","none","3-79-MT00-7FEB06",1,999,"2014-10-22 00:00:00","Data_999","JHU-17O-2013","Data_999 JHU-17O-2013 3-79-MT00-7FEB06-R21-999",0,0,2,"USNIP samples, H2O",-9999,-9999,-9999,-9999,-9999,-9999,-9999,-9999,-9999,-26.3634857142857,0.026924339969918,-50.0315,0.0152541275003554,-9999,-9999,-9999,-9999,-9999,-9999,-9999,0,0,0,1,-8.356904561729,-15.9063079774345,-8.76323409005611,-16.643582309509,-8.80185703272667,-16.7836429744808,0.0599064577991797,59.9064577991797,-8.80185703272667,-16.7836429744808,59.9064577991797,"no correction","no correction","no correction"
21,2014,"JHU users","Water","none","5-36-K532-3JAN06",1,999,"2014-10-22 00:00:00","Data_999","JHU-17O-2014","Data_999 JHU-17O-2014 5-36-K532-3JAN06-R21-999",0,0,2,"USNIP samples, H2O",-9999,-9999,-9999,-9999,-9999,-9999,-9999,-9999,-9999,-27.5795,0.0277006513814481,-52.2458142857143,0.0140065128299775,-9999,-9999,-9999,-9999,-9999,-9999,-9999,0,0,0,1,-9.59540799980885,-18.2001658482238,-10.0619560593049,-19.0437629380343,-10.1129196899147,-19.2274309501149,0.0391638517460144,39.1638517460144,-10.1129196899147,-19.2274309501149,39.1638517460144,"no correction","no correction","no correction"
21,2015,"JHU users","Water","none","4-86-MT97_24JAN",1,999,"2014-10-22 00:00:00","Data_999","JHU-17O-2015","Data_999 JHU-17O-2015 4-86-MT97_24JAN-R21-999",0,0,2,"USNIP samples, H2O",-9999,-9999,-9999,-9999,-9999,-9999,-9999,-9999,-9999,-28.5661428571429,0.0360407521814597,-54.0974,0.0158419732338505,-9999,-9999,-9999,-9999,-9999,-9999,-9999,0,0,0,1,-10.6002979793789,-20.1182650501107,-11.1157058132571,-21.0507680827666,-11.1779469369323,-21.2754948777293,0.0555143585087468,55.5143585087468,-11.1779469369323,-21.2754948777293,55.5143585087468,"no correction","no correction","no correction"
21,2017,"JHU users","Water","none","SLAP2-051613-1a",4,999,"2014-10-23 00:00:00","Data_999","JHU-17O-2017","Data_999 JHU-17O-2017 SLAP2-051613-1a-R21-999",0,0,2,"SLAP , H2O",-9999,-9999,-9999,-9999,-9999,-9999,-9999,-9999,-9999,-46.0977428571429,0.0824123048562436,-86.0999142857143,0.137816380976371,-9999,-9999,-9999,-9999,-9999,-9999,-9999,0,0,0,1,-28.4561300449416,-53.2703879230623,-29.8397243906432,-55.7395271935353,-30.2939885471431,-57.3532263137037,-0.0114850535075739,-11.4850535075739,-30.2939885471431,-57.3532263137037,-11.4850535075739,"no correction","no correction","no correction"
21,2018,"JHU users","Water","none","SLAP2-051613-1a",4,999,"2014-10-23 00:00:00","Data_999","JHU-17O-2018","Data_999 JHU-17O-2018 SLAP2-051613-1a-R21-999",0,0,2,"SLAP , H2O",-9999,-9999,-9999,-9999,-9999,-9999,-9999,-9999,-9999,-46.2961857142857,0.0262602873463215,-86.4557285714286,0.0134292795284864,-9999,-9999,-9999,-9999,-9999,-9999,-9999,0,0,0,1,-28.6582429343386,-53.6389839281961,-30.0516644157231,-56.1252080164581,-30.5124711874451,-57.7617572441717,-0.0142633625224171,-14.2633625224171,-30.5124711874451,-57.7617572441717,-14.2633625224171,"no correction","no correction","no correction"
21,2021,"JHU users","Water","none","102-GC-AZ01",1,999,"2014-10-24 00:00:00","Data_999","JHU-17O-2021","Data_999 JHU-17O-2021 102-GC-AZ01-R21-999",0,0,2,"CO3 standard, CaCO3",-9999,-9999,-9999,-9999,-9999,-9999,-9999,-9999,-9999,-6.81577142857143,0.0311672307607193,-13.2190857142857,0.0161593001508872,-9999,-9999,-9999,-9999,-9999,-9999,-9999,0,0,0,1,11.5523281124887,22.2284982679228,12.1140255685689,23.2588128598916,12.0412380048213,22.9924489698436,-0.0987750512561387,-98.7750512561387,12.0412380048213,22.9924489698436,-98.7750512561387,"no correction","no correction","no correction"
21,2022,"JHU users","Carbonate","none","DM232-3",1,999,"2014-10-24 00:00:00","Data_999","JHU-17O-2022","Data_999 JHU-17O-2022 DM232-3-R21-999",0,0,2,"marine CO3, CaCO3",-9999,-9999,-9999,-9999,-9999,-9999,-9999,-9999,-9999,-6.4758,0.0215397172750678,-12.5229714285714,0.0139429182362984,-9999,-9999,-9999,-9999,-9999,-9999,-9999,0,0,0,1,11.8985870241488,22.9496186813873,12.4771202857852,24.0133579732888,12.3999224946283,23.729571428022,-0.129291219367374,-129.291219367374,12.3955121908839,23.729571428022,-133.701523111768,"secondary correction applied but only meaningful if D'17O correction was applied","no secondary correction","1-pt normalization applied to D17O for data.cor[[1]] using NBS-18 as CO2. Offset=-4.41 per meg"
21,2023,"JHU users","Carbonate","none","DM232-3",1,999,"2014-10-24 00:00:00","Data_999","JHU-17O-2023","Data_999 JHU-17O-2023 DM232-3-R21-999",0,0,2,"marine CO3, CaCO3",-9999,-9999,-9999,-9999,-9999,-9999,-9999,-9999,-9999,-6.28631428571428,0.0287964082186303,-12.1906142857143,0.00910055398400205,-9999,-9999,-9999,-9999,-9999,-9999,-9999,0,0,0,1,12.0915771159322,23.2939149057192,12.6794939444608,24.3736126946641,12.5997822565125,24.0813162206303,-0.115152707980279,-115.152707980279,12.5953719527682,24.0813162206303,-119.563011724673,"secondary correction applied but only meaningful if D'17O correction was applied","no secondary correction","1-pt normalization applied to D17O for data.cor[[1]] using NBS-18 as CO2. Offset=-4.41 per meg"
21,2024,"JHU users","Carbonate","none","78-WO-629",1,999,"2014-10-24 00:00:00","Data_999","JHU-17O-2024","Data_999 JHU-17O-2024 78-WO-629-R21-999",0,0,2,"marine CO3, CaCO3",-9999,-9999,-9999,-9999,-9999,-9999,-9999,-9999,-9999,-4.81308571428571,0.0417232923712163,-9.42,0.01064717421857,-9999,-9999,-9999,-9999,-9999,-9999,-9999,0,0,0,1,13.5920517996815,26.164056433148,14.2529247288824,27.3767883416759,14.1523067373162,27.0087461752916,-0.108311243237829,-108.311243237829,14.1478964335718,27.0087461752916,-112.721546982223,"secondary correction applied but only meaningful if D'17O correction was applied","no secondary correction","1-pt normalization applied to D17O for data.cor[[1]] using NBS-18 as CO2. Offset=-4.41 per meg"
21,2025,"JHU users","Carbonate","none","78-WO-629",1,999,"2014-10-25 00:00:00","Data_999","JHU-17O-2025","Data_999 JHU-17O-2025 78-WO-629-R21-999",0,0,2,"marine CO3, CaCO3",-9999,-9999,-9999,-9999,-9999,-9999,-9999,-9999,-9999,-4.57078571428571,0.028201599737307,-8.96814285714286,0.0111267867339485,-9999,-9999,-9999,-9999,-9999,-9999,-9999,0,0,0,1,13.8388329325778,26.6321453897618,14.5117048574103,27.8665737204468,14.4074177799257,27.4853665085171,-0.104855736571343,-104.855736571343,14.4030074761813,27.4853665085171,-109.266040315737,"secondary correction applied but only meaningful if D'17O correction was applied","no secondary correction","1-pt normalization applied to D17O for data.cor[[1]] using NBS-18 as CO2. Offset=-4.41 per meg"
21,2026,"JHU users","Carbonate","none","WB98-519.33",1,999,"2014-10-25 00:00:00","Data_999","JHU-17O-2026","Data_999 JHU-17O-2026 WB98-519.33-R21-999",0,0,2,"marine CO3, CaCO3",-9999,-9999,-9999,-9999,-9999,-9999,-9999,-9999,-9999,-4.01194285714286,0.027694966692961,-7.90607142857143,0.0197992251558032,-9999,-9999,-9999,-9999,-9999,-9999,-9999,0,0,0,1,14.4080111141573,27.7323690217395,15.1085576283485,29.0177938906878,14.9955601030734,28.6047491131758,-0.107747428683426,-107.747428683426,14.991149799329,28.6047491131758,-112.15773242782,"secondary correction applied but only meaningful if D'17O correction was applied","no secondary correction","1-pt normalization applied to D17O for data.cor[[1]] using NBS-18 as CO2. Offset=-4.41 per meg"
21,2027,"JHU users","Carbonate","none","WB98-519.33",1,999,"2014-10-25 00:00:00","Data_999","JHU-17O-2027","Data_999 JHU-17O-2027 WB98-519.33-R21-999",0,0,2,"marine CO3, CaCO3",-9999,-9999,-9999,-9999,-9999,-9999,-9999,-9999,-9999,-3.53652857142857,0.0282066501710436,-7.00607142857143,0.014245590651218,-9999,-9999,-9999,-9999,-9999,-9999,-9999,0,0,0,1,14.8922177836732,28.6646992230255,15.6163074011969,29.9933385907375,15.4956276328242,29.5523348329972,-0.108005158998258,-108.005158998258,15.4912173290798,29.5523348329972,-112.415462742652,"secondary correction applied but only meaningful if D'17O correction was applied","no secondary correction","1-pt normalization applied to D17O for data.cor[[1]] using NBS-18 as CO2. Offset=-4.41 per meg"
21,2028,"JHU users","Carbonate","none","BO36-2.5",1,999,"2014-10-25 00:00:00","Data_999","JHU-17O-2028","Data_999 JHU-17O-2028 BO36-2.5-R21-999",0,0,2,"marine CO3, CaCO3",-9999,-9999,-9999,-9999,-9999,-9999,-9999,-9999,-9999,-2.89154285714286,0.087255361649832,-5.79055714285714,0.0255346514857955,-9999,-9999,-9999,-9999,-9999,-9999,-9999,0,0,0,1,15.549131961442,29.9238777548767,16.3051620691356,31.310881389919,16.1736604256061,30.8306934234835,-0.104945701993234,-104.945701993234,16.1692501218617,30.8306934234835,-109.356005737628,"secondary correction applied but only meaningful if D'17O correction was applied","no secondary correction","1-pt normalization applied to D17O for data.cor[[1]] using NBS-18 as CO2. Offset=-4.41 per meg"
21,2029,"JHU users","Carbonate","none","BO36-2.5",1,999,"2014-10-25 00:00:00","Data_999","JHU-17O-2029","Data_999 JHU-17O-2029 BO36-2.5-R21-999",0,0,2,"marine CO3, CaCO3",-9999,-9999,-9999,-9999,-9999,-9999,-9999,-9999,-9999,-2.54888571428571,0.0309995525246539,-5.1363,0.0150596398902228,-9999,-9999,-9999,-9999,-9999,-9999,-9999,0,0,0,1,15.8981262573947,30.6016374145353,16.6711251705372,32.0200559323455,16.5336873552378,31.5181009135029,-0.107869927091798,-107.869927091798,16.5292770514934,31.5181009135029,-112.280230836192,"secondary correction applied but only meaningful if D'17O correction was applied","no secondary correction","1-pt normalization applied to D17O for data.cor[[1]] using NBS-18 as CO2. Offset=-4.41 per meg"
21,2030,"JHU users","Carbonate","none","GS4-401",1,999,"2014-10-25 00:00:00","Data_999","JHU-17O-2030","Data_999 JHU-17O-2030 GS4-401-R21-999",0,0,2,"marine CO3, CaCO3",-9999,-9999,-9999,-9999,-9999,-9999,-9999,-9999,-9999,-2.81,0.025181658841883,-5.6356,0.00925860351945339,-9999,-9999,-9999,-9999,-9999,-9999,-9999,0,0,0,1,15.6321828845347,30.0844013373107,16.392251095351,31.478845411529,16.2593485616806,30.9935447503047,-0.105243066480313,-105.243066480313,16.2549382579362,30.9935447503047,-109.653370224707,"secondary correction applied but only meaningful if D'17O correction was applied","no secondary correction","1-pt normalization applied to D17O for data.cor[[1]] using NBS-18 as CO2. Offset=-4.41 per meg"
21,2031,"JHU users","Carbonate","none","GS4-401",1,999,"2014-10-26 00:00:00","Data_999","JHU-17O-2031","Data_999 JHU-17O-2031 GS4-401-R21-999",0,0,2,"marine CO3, CaCO3",-9999,-9999,-9999,-9999,-9999,-9999,-9999,-9999,-9999,-3.19137142857143,0.0358811126403073,-6.34052857142857,0.0586986214263154,-9999,-9999,-9999,-9999,-9999,-9999,-9999,0,0,0,1,15.2437583150045,29.3541500074306,15.9849405410686,30.7147461540061,15.8585267443409,30.2524898894845,-0.114787917306922,-114.787917306922,15.8541164405965,30.2524898894845,-119.198221051316,"secondary correction applied but only meaningful if D'17O correction was applied","no secondary correction","1-pt normalization applied to D17O for data.cor[[1]] using NBS-18 as CO2. Offset=-4.41 per meg"
21,2032,"JHU users","Carbonate","none","PS-0.32",1,999,"2014-10-26 00:00:00","Data_999","JHU-17O-2032","Data_999 JHU-17O-2032 PS-0.32-R21-999",0,0,2,"marine CO3, CaCO3",-9999,-9999,-9999,-9999,-9999,-9999,-9999,-9999,-9999,-0.0474285714285714,0.0272989735054516,-0.4033,0.0119398856596375,-9999,-9999,-9999,-9999,-9999,-9999,-9999,0,0,0,1,18.4458457274979,35.5046583508534,19.3427198916917,37.1503371160509,19.1580273232022,36.4768918507502,-0.101771573993926,-101.771573993926,19.1536170194578,36.4768918507502,-106.18187773832,"secondary correction applied but only meaningful if D'17O correction was applied","no secondary correction","1-pt normalization applied to D17O for data.cor[[1]] using NBS-18 as CO2. Offset=-4.41 per meg"
21,2033,"JHU users","Carbonate","none","PS-0.32",1,999,"2014-10-26 00:00:00","Data_999","JHU-17O-2033","Data_999 JHU-17O-2033 PS-0.32-R21-999",0,0,2,"marine CO3, CaCO3",-9999,-9999,-9999,-9999,-9999,-9999,-9999,-9999,-9999,0.317314285714286,0.0288537254807778,0.297042857142857,0.0142497757056192,-9999,-9999,-9999,-9999,-9999,-9999,-9999,0,0,0,1,18.817334194281,36.230159236375,19.7322708758068,37.9094657410549,19.5401133088751,37.2085610371755,-0.106006918753582,-106.006918753582,19.5357030051307,37.2085610371755,-110.417222497976,"secondary correction applied but only meaningful if D'17O correction was applied","no secondary correction","1-pt normalization applied to D17O for data.cor[[1]] using NBS-18 as CO2. Offset=-4.41 per meg"
21,2034,"JHU users","Carbonate","none","TL-07",1,999,"2014-10-26 00:00:00","Data_999","JHU-17O-2034","Data_999 JHU-17O-2034 TL-07-R21-999",0,0,2,"marine CO3, CaCO3",-9999,-9999,-9999,-9999,-9999,-9999,-9999,-9999,-9999,-2.5792,0.032252446261564,-5.19462857142857,0.0146714466142809,-9999,-9999,-9999,-9999,-9999,-9999,-9999,0,0,0,1,15.8672513346894,30.5412135381566,16.6387490469162,31.9568313448803,16.5018416203262,31.4568360922981,-0.107367836407185,-107.367836407185,16.4974313165818,31.4568360922981,-111.778140151579,"secondary correction applied but only meaningful if D'17O correction was applied","no secondary correction","1-pt normalization applied to D17O for data.cor[[1]] using NBS-18 as CO2. Offset=-4.41 per meg"
21,2035,"JHU users","Carbonate","none","TL-07",1,999,"2014-10-26 00:00:00","Data_999","JHU-17O-2035","Data_999 JHU-17O-2035 TL-07-R21-999",0,0,2,"marine CO3, CaCO3",-9999,-9999,-9999,-9999,-9999,-9999,-9999,-9999,-9999,-3.38725714285714,0.0282979416029648,-6.76537142857143,0.0211099066163235,-9999,-9999,-9999,-9999,-9999,-9999,-9999,0,0,0,1,15.0442498606518,28.9140457557473,15.7757315839095,30.2542426010731,15.6525881603642,29.8056092589566,-0.0847735283648312,-84.7735283648312,15.6481778566199,29.8056092589566,-89.1838321092252,"secondary correction applied but only meaningful if D'17O correction was applied","no secondary correction","1-pt normalization applied to D17O for data.cor[[1]] using NBS-18 as CO2. Offset=-4.41 per meg"
21,2040,"JHU users","WaterStd","SMOW","SMOW",4,999,"2014-10-27 00:00:00","Data_999","JHU-17O-2040","Data_999 JHU-17O-2040 VSMOW2-052013-2B-R21-999",0,0,2,"International Std., H2O",-9999,-9999,-9999,-9999,-9999,-9999,-9999,-9999,-9999,-18.0486714285714,0.0310374815150839,-34.4607571428571,0.0206646345758449,-9999,-9999,-9999,-9999,-9999,-9999,-9999,0,0,0,1,0.111685158664887,0.223774047200642,0.117115515982747,0.234146212848353,0.117108658496067,0.234118804902073,-0.00650607049222758,-6.50607049222758,0.117108658496067,0.234118804902073,-6.50607049222758,"no correction","no correction","no correction"
21,2041,"JHU users","WaterStd","SMOW","SMOW",4,999,"2014-10-27 00:00:00","Data_999","JHU-17O-2041","Data_999 JHU-17O-2041 VSMOW2-052013-2B-R21-999",0,0,2,"International Std., H2O",-9999,-9999,-9999,-9999,-9999,-9999,-9999,-9999,-9999,-18.0627285714286,0.0241402432828606,-34.4748285714286,0.015110195644741,-9999,-9999,-9999,-9999,-9999,-9999,-9999,0,0,0,1,0.0973680408786759,0.209197138498096,0.102102271098984,0.218893648887363,0.102097059016862,0.218869695168105,-0.0134661400318981,-13.4661400318981,0.102097059016862,0.218869695168105,-13.4661400318981,"no correction","no correction","no correction"
